{
  "11010783": [
    {
      "item_name": "天选风不欺·无执",
      "price_threshold": 1,
      "group_id": 41432113,
      "created_at": 1745631849.2131052
    },
    {
      "item_name": "天选风不欺·无执",
      "price_threshold": 22,
      "group_id": 41432113,
      "created_at": 1745631853.149665
    }
  ]
}